date;value;;
1985-01-01;122.613960462108295;;
1985-02-01;41.762223427057904;;
1985-03-01;107.925728159527978;;
1985-04-01;194.752867451573792;;
1985-05-01;124.391658807689481;;
1985-06-01;153.163613655480390;;
1985-07-01;59.127151547654734;;
1985-08-01;109.664263251736102;;
1985-09-01;279.723859269292859;;
1985-10-01;121.793548340194178;;
1985-11-01;93.411957813418397;;
1985-12-01;70.165512554195146;;
1986-01-01;116.321967018849818;;
1986-02-01;42.167666781694017;;
1986-03-01;165.313664502788214;;
1986-04-01;111.900158538212480;;
1986-05-01;127.873925685031722;;
1986-06-01;151.895536403285661;;
1986-07-01;112.819692078665540;;
1986-08-01;54.138610819319410;;
1986-09-01;73.916551376900699;;
1986-10-01;151.878103927827340;;
1986-11-01;52.961647735444785;;
1986-12-01;70.155895794392592;;
1987-01-01;80.934379269126083;;
1987-02-01;82.854679100497407;;
1987-03-01;118.987951394435640;;
1987-04-01;136.777893135180449;;
1987-05-01;74.703638205080537;;
1987-06-01;172.861112537649547;;
1987-07-01;73.261312915614099;;
1987-08-01;29.541363060825084;;
1987-09-01;71.661295018998231;;
1987-10-01;256.508305706545514;;
1987-11-01;85.577976833551716;;
1987-12-01;84.764053678454971;;
1988-01-01;133.076464116712174;;
1988-02-01;125.417955933497524;;
1988-03-01;99.229416640621182;;
1988-04-01;100.816348324393076;;
1988-05-01;73.979641776892450;;
1988-06-01;75.682292127445820;;
1988-07-01;25.366555431511919;;
1988-08-01;110.668279324916355;;
1988-09-01;94.944378600578631;;
1988-10-01;59.340859655947391;;
1988-11-01;205.788505244759278;;
1988-12-01;100.394948759098398;;
1989-01-01;104.426778033384721;;
1989-02-01;43.758618445063121;;
1989-03-01;66.320340882337405;;
1989-04-01;68.260136047595594;;
1989-05-01;113.885784722094201;;
1989-06-01;48.952553624099821;;
1989-07-01;90.933413005310157;;
1989-08-01;96.895088419353357;;
1989-09-01;58.604492450075895;;
1989-10-01;63.355152273747102;;
1989-11-01;73.176656136216891;;
1989-12-01;125.074818234066953;;
1990-01-01;88.083355203959812;;
1990-02-01;55.610598630707265;;
1990-03-01;80.187426951001029;;
1990-04-01;56.700549334842222;;
1990-05-01;265.872880635930585;;
1990-06-01;269.248373064722330;;
1990-07-01;120.673206146956034;;
1990-08-01;30.492555803960041;;
1990-09-01;99.185086847369462;;
1990-10-01;62.890207143727984;;
1990-11-01;122.820852271221199;;
1990-12-01;138.366581618518694;;
1991-01-01;97.830420653751446;;
1991-02-01;128.993986940475168;;
1991-03-01;148.280339946896191;;
1991-04-01;78.187506234684889;;
1991-05-01;103.221136041972557;;
1991-06-01;87.475331424494655;;
1991-07-01;94.954769861798113;;
1991-08-01;48.596018489183066;;
1991-09-01;56.242613237479695;;
1991-10-01;84.763116552133170;;
1991-11-01;116.529938210083927;;
1991-12-01;207.169607656487187;;
1992-01-01;134.770174665741820;;
1992-02-01;99.303747249211497;;
1992-03-01;164.272969920403909;;
1992-04-01;97.654886856147712;;
1992-05-01;117.338257279304116;;
1992-06-01;167.713439701803793;;
1992-07-01;116.558917932623444;;
1992-08-01;286.810468542095919;;
1992-09-01;284.966703559136079;;
1992-10-01;422.229652676098567;;
1992-11-01;312.588010017052625;;
1992-12-01;132.080904802126184;;
1993-01-01;196.476444009938092;;
1993-02-01;117.204427549398744;;
1993-03-01;135.242840308049722;;
1993-04-01;127.187051682012282;;
1993-05-01;260.901641014831682;;
1993-06-01;192.206231235848009;;
1993-07-01;386.154213089708151;;
1993-08-01;608.163222730762527;;
1993-09-01;427.119488600958221;;
1993-10-01;354.246040769606793;;
1993-11-01;1020.585881233335613;;
1993-12-01;488.974804741778257;;
1994-01-01;199.746459556779968;;
1994-02-01;185.582782705089670;;
1994-03-01;268.812758229614417;;
1994-04-01;348.212780206501748;;
1994-05-01;277.569484207489836;;
1994-06-01;201.442281436170873;;
1994-07-01;309.599326641334471;;
1994-08-01;224.779795156605445;;
1994-09-01;160.862541687225473;;
1994-10-01;216.258072890976706;;
1994-11-01;627.205470948286120;;
1994-12-01;362.974464296761198;;
1995-01-01;433.582353667024108;;
1995-02-01;207.111515315337925;;
1995-03-01;179.914779493233169;;
1995-04-01;56.046294694993279;;
1995-05-01;114.528314355414523;;
1995-06-01;122.916983328245038;;
1995-07-01;46.227979081686797;;
1995-08-01;72.206983010757611;;
1995-09-01;22.152602946979918;;
1995-10-01;129.494784308669153;;
1995-11-01;80.076656713575616;;
1995-12-01;38.752435716233279;;
1996-01-01;44.639387558965296;;
1996-02-01;191.232972678087691;;
1996-03-01;138.057533121219848;;
1996-04-01;66.902417604166189;;
1996-05-01;83.597299877334464;;
1996-06-01;84.414846181145663;;
1996-07-01;51.914718479828977;;
1996-08-01;60.326111081224511;;
1996-09-01;51.512413597470641;;
1996-10-01;67.016288662292737;;
1996-11-01;89.654833427349132;;
1996-12-01;118.919409007243274;;
1997-01-01;44.158365313211554;;
1997-02-01;98.152695570225617;;
1997-03-01;50.664299795258955;;
1997-04-01;67.035166530067698;;
1997-05-01;139.884141433746521;;
1997-06-01;68.957029220690941;;
1997-07-01;89.935602307323819;;
1997-08-01;134.543365910807410;;
1997-09-01;114.994635531308717;;
1997-10-01;100.844797251081445;;
1997-11-01;180.915049085598639;;
1997-12-01;66.284229131860101;;
1998-01-01;69.242008786108229;;
1998-02-01;43.270177652502241;;
1998-03-01;38.721524415523731;;
1998-04-01;74.513911118609869;;
1998-05-01;108.883679991000960;;
1998-06-01;55.872529746503950;;
1998-07-01;45.716450657921825;;
1998-08-01;41.238872019852842;;
1998-09-01;66.271793576727987;;
1998-10-01;74.204251739617689;;
1998-11-01;74.395771295017411;;
1998-12-01;67.752900602390113;;
1999-01-01;69.515074013797744;;
1999-02-01;75.002791565117590;;
1999-03-01;119.721460201535365;;
1999-04-01;52.661453598890120;;
1999-05-01;24.056441401549872;;
1999-06-01;59.840026548447661;;
1999-07-01;51.200457547284621;;
1999-08-01;49.794838332879166;;
1999-09-01;37.105170604814717;;
1999-10-01;45.315119423534995;;
1999-11-01;126.210979335067421;;
1999-12-01;128.202571870102361;;
2000-01-01;71.914247183516764;;
2000-02-01;50.352412907592338;;
2000-03-01;88.179753835866379;;
2000-04-01;82.574215864751935;;
2000-05-01;245.009584014883956;;
2000-06-01;35.765925502037611;;
2000-07-01;60.773016209686894;;
2000-08-01;22.634383774776641;;
2000-09-01;99.211298412037195;;
2000-10-01;65.769869984897738;;
2000-11-01;143.203661430313076;;
2000-12-01;98.698610316245677;;
2001-01-01;91.790739869445744;;
2001-02-01;43.138738905384784;;
2001-03-01;31.439321587453161;;
2001-04-01;82.436750670241381;;
2001-05-01;24.396411475431329;;
2001-06-01;48.595180532391602;;
2001-07-01;49.250151050873555;;
2001-08-01;60.005301325086528;;
2001-09-01;148.070433377963155;;
2001-10-01;99.359387842698524;;
2001-11-01;106.296143346020258;;
2001-12-01;130.773641080383953;;
2002-01-01;91.463392468945457;;
2002-02-01;33.810857177473835;;
2002-03-01;86.889858760627504;;
2002-04-01;22.862742901849447;;
2002-05-01;66.161189587498242;;
2002-06-01;57.974491084246075;;
2002-07-01;123.753863441889962;;
2002-08-01;71.048379398873152;;
2002-09-01;34.774104381111755;;
2002-10-01;52.475520458357742;;
2002-11-01;21.114354854680521;;
2002-12-01;53.754726373393446;;
2003-01-01;29.585318590120668;;
2003-02-01;66.153630004984805;;
2003-03-01;79.532380491948132;;
2003-04-01;29.727586559214409;;
2003-05-01;49.044269853613152;;
2003-06-01;27.785250921772818;;
2003-07-01;21.313526492932617;;
2003-08-01;50.621300264883963;;
2003-09-01;76.287684981192939;;
2003-10-01;61.650505522749121;;
2003-11-01;125.517456208847520;;
2003-12-01;86.378216211921085;;
2004-01-01;50.050010705257975;;
2004-02-01;147.030152105818019;;
2004-03-01;61.352914549992882;;
2004-04-01;27.145307329787450;;
2004-05-01;81.080382707693701;;
2004-06-01;43.181615426349403;;
2004-07-01;26.126513042198280;;
2004-08-01;39.354262419060952;;
2004-09-01;32.893494960326677;;
2004-10-01;63.260373273663276;;
2004-11-01;40.816027082431965;;
2004-12-01;32.590099666885166;;
2005-01-01;18.482396700211702;;
2005-02-01;18.233417312268379;;
2005-03-01;25.752851420752464;;
2005-04-01;31.989523222747611;;
2005-05-01;102.596603825790723;;
2005-06-01;62.025687778154527;;
2005-07-01;132.530067403605045;;
2005-08-01;25.405351802618718;;
2005-09-01;21.942887584095079;;
2005-10-01;30.771824027922616;;
2005-11-01;14.391043636111259;;
2005-12-01;29.633586644883177;;
2006-01-01;21.522698457213004;;
2006-02-01;17.344802158938428;;
2006-03-01;47.777748766578050;;
2006-04-01;23.070117893773688;;
2006-05-01;41.906700348299218;;
2006-06-01;23.326821235994167;;
2006-07-01;48.569164879060317;;
2006-08-01;35.707896592305666;;
2006-09-01;15.844100368139449;;
2006-10-01;23.571865623700354;;
2006-11-01;41.703269764084169;;
2006-12-01;18.373260431061169;;
2007-01-01;50.287613799814416;;
2007-02-01;20.558662847648183;;
2007-03-01;22.403890300003496;;
2007-04-01;27.831279014208889;;
2007-05-01;14.308583563293370;;
2007-06-01;22.405908850350368;;
2007-07-01;22.251537431105831;;
2007-08-01;49.823828165297030;;
2007-09-01;30.143416040004698;;
2007-10-01;46.929054755422477;;
2007-11-01;31.168513828129861;;
2007-12-01;35.255457356730645;;
2008-01-01;87.342782326159181;;
2008-02-01;81.895839574845937;;
2008-03-01;72.408561661932993;;
2008-04-01;93.699772082025206;;
2008-05-01;41.391351580651616;;
2008-06-01;43.103073460445231;;
2008-07-01;28.957535994515041;;
2008-08-01;40.370646482149162;;
2008-09-01;30.550759500004769;;
2008-10-01;63.263959590133325;;
2008-11-01;86.634817998188709;;
2008-12-01;35.952156642662295;;
2009-01-01;45.713820281257135;;
2009-02-01;44.198557243408651;;
2009-03-01;59.439646316419058;;
2009-04-01;14.439136333031447;;
2009-05-01;18.718312628337785;;
2009-06-01;42.783234917337353;;
2009-07-01;19.639773964288771;;
2009-08-01;26.623233008836340;;
2009-09-01;10.564281322431556;;
2009-10-01;13.894024074629032;;
2009-11-01;25.449413166983327;;
2009-12-01;23.416495511303086;;
2010-01-01;88.894792611273900;;
2010-02-01;25.569344426017182;;
2010-03-01;49.982705168375155;;
2010-04-01;17.375581406492888;;
2010-05-01;57.623352667808483;;
2010-06-01;47.270356971825557;;
2010-07-01;53.776313106573561;;
2010-08-01;72.221640560514658;;
2010-09-01;60.649333845522882;;
2010-10-01;119.903237455963961;;
2010-11-01;69.206822540827119;;
2010-12-01;77.957110448288020;;
2011-01-01;86.634817998188709;;
2011-02-01;31.931584788140569;;
2011-03-01;64.001424564539533;;
2011-04-01;27.715049774084878;;
2011-05-01;27.715049774084878;;
2011-06-01;118.549313312805978;;
2011-07-01;74.266387344939119;;
2011-08-01;66.370824308267231;;
2011-09-01;178.587563612236124;;
2011-10-01;113.822794942726077;;
2011-11-01;43.317408999094354;;
2011-12-01;52.831693156775522;;
2012-01-01;102.960796066876526;;
2012-02-01;25.403260083849581;;
2012-03-01;27.313968995357421;;
2012-04-01;46.408485105579082;;
2012-05-01;18.787447670363040;;
2012-06-01;34.211480362223071;;
2012-07-01;50.939261490537859;;
2012-08-01;43.686110202905361;;
2012-09-01;59.662305424458609;;
2012-10-01;82.021743515851313;;
2012-11-01;11.236362837973918;;
2012-12-01;34.212079441899384;;
2013-01-01;20.046114115274062;;
2013-02-01;35.527041854462531;;
2013-03-01;28.561545810500078;;
2013-04-01;32.310760296380579;;
2013-05-01;22.428136934527306;;
2013-06-01;57.178886153337395;;
2013-07-01;52.832339873413282;;
2013-08-01;33.213236401457088;;
2013-09-01;84.692455265030105;;
2013-10-01;15.591422089657602;;
2013-11-01;26.842532838186841;;
2013-12-01;17.871691450547395;;
2014-01-01;42.482418865161705;;
2014-02-01;185.267663447043049;;
2014-03-01;167.873078292280297;;
2014-04-01;28.513070358116867;;
2014-05-01;18.718433170225730;;
2014-06-01;15.211177617445864;;
2014-07-01;30.181343928875322;;
2014-08-01;22.494738419751567;;
2014-09-01;12.235210916437390;;
2014-10-01;15.874345147508269;;
2014-11-01;22.607562030003525;;
2014-12-01;17.736289985488977;;
2015-01-01;33.807758487838441;;
2015-02-01;15.410779413270784;;
2015-03-01;27.907613119190280;;
2015-04-01;41.600502610924494;;
2015-05-01;88.919860181450900;;
2015-06-01;100.803035560815161;;
2015-07-01;51.492819678262784;;
2015-08-01;20.829575502112576;;
2015-09-01;19.609640231423501;;
2015-10-01;68.608963352999012;;
2015-11-01;20.503121626281946;;
2015-12-01;20.475545821354942;;
2016-01-01;42.781122645061046;;
2016-02-01;26.272141839100374;;
2016-03-01;49.187943138521874;;
2016-04-01;42.923388368010656;;
2016-05-01;76.848017114656813;;
2016-06-01;271.072461776223690;;
2016-07-01;116.302636619259559;;
2016-08-01;155.274314988387829;;
2016-09-01;93.079444235359503;;
2016-10-01;83.538371339557074;;
2016-11-01;540.418701288193915;;
2016-12-01;275.120172611530336;;
2017-01-01;474.802706980803180;;
2017-02-01;250.133093156418767;;
2017-03-01;151.943120836103390;;
2017-04-01;153.350114777602357;;
2017-05-01;87.267511157505794;;
2017-06-01;86.858279332214650;;
2017-07-01;92.143454837233946;;
2017-08-01;91.351066874105086;;
2017-09-01;76.291078252926809;;
2017-10-01;96.872971375518702;;
2017-11-01;49.481161423335891;;
2017-12-01;182.299721819117906;;
2018-01-01;247.786818392198285;;
2018-02-01;69.094741880130613;;
2018-03-01;524.651863657700119;;
2018-04-01;463.180653392348006;;
2018-05-01;283.083821117579191;;
2018-06-01;688.399637995754574;;
2018-07-01;904.719141042393971;;
2018-08-01;469.292947668578108;;
2018-09-01;323.391190251698333;;
2018-10-01;443.230302810788089;;
2018-11-01;403.077493193304804;;
2018-12-01;681.871889207119125;;
2019-01-01;715.620232508687309;;
2019-02-01;307.092721364200429;;
2019-03-01;287.665346266354220;;
2019-04-01;335.674989736600537;;
2019-05-01;786.542093038191979;;
2019-06-01;1374.280097927615543;;
2019-07-01;600.788229099928117;;
2019-08-01;1946.682999792648843;;
2019-09-01;919.115347032799718;;
2019-10-01;842.413192025966737;;
2019-11-01;597.617851702981625;;
2019-12-01;851.976262883099821;;
2020-01-01;646.818151543353224;;
2020-02-01;462.982323421724743;;
2020-03-01;194.828347300386127;;
2020-04-01;239.932831948863679;;
2020-05-01;161.476941597811248;;
2020-06-01;57.086247228716886;;
2020-07-01;89.809960658400101;;
2020-08-01;150.931402791988120;;
2020-09-01;96.581922214806738;;
2020-10-01;331.196254454603775;;
2020-11-01;204.608344434097717;;
2020-12-01;123.584021115580882;;
2021-01-01;72.345173252029838;;
2021-02-01;52.348352128865294;;
2021-03-01;47.673847749396302;;
2021-04-01;72.419087455502108;;
2021-05-01;42.693271334351749;;
2021-06-01;40.750572804672721;;
2021-07-01;20.807926116076320;;
2021-08-01;31.874577466506441;;
2021-09-01;7.672618433579734;;
2021-10-01;40.942714573602061;;
2021-11-01;53.022958656656016;;
2021-12-01;24.930457398068562;;
2022-01-01;37.457076751663720;;
2022-02-01;113.831213709573362;;
2022-03-01;70.311721013902741;;
2022-04-01;44.537893575411786;;
2022-05-01;78.178057814442212;;
2022-06-01;97.342332463588605;;
2022-07-01;71.545074087536392;;
2022-08-01;150.492302335683831;;
2022-09-01;50.425833021947966;;
2022-10-01;92.840876451409855;;
2022-11-01;81.308891572777497;;
2022-12-01;16.205068934524409;;
2023-01-01;100.532368871530977;;
2023-02-01;26.532556240330987;;
2023-03-01;85.592664827516003;;
2023-04-01;46.173312643995239;;
2023-05-01;90.058278379250254;;
2023-06-01;45.437647365036085;;
2023-07-01;6.467276665375605;;
2023-08-01;31.831325105956555;;
2023-09-01;25.785838535037080;;
2023-10-01;33.341331309603483;;
2023-11-01;17.446394997803360;;
2023-12-01;18.736143852639124;;
2024-01-01;45.161412087231298;;
2024-02-01;220.067770174277427;;
2024-03-01;44.783825960127047;;
2024-04-01;46.127965750226871;;
2024-05-01;128.796000854574856;;
2024-06-01;66.368619498503108;;
2024-07-01;161.212801240805874;;
2024-08-01;221.591759224253991;;
2024-09-01;94.884039496721584;;
2024-10-01;194.756136868195853;;
2024-11-01;1401.679549594961145;;
2024-12-01;1319.005943955015937;;
2025-01-01;1725.709653866176495;;
2025-02-01;2583.898793046654191;;
2025-03-01;5912.107656695927290;;
2025-04-01;7955.646982441329783;;
2025-05-01;5780.037065701709253;;
2025-06-01;3537.469868426475387;;
2025-07-01;3371.643927258447093;;
2025-08-01;2727.153606808994482;;
2025-09-01;3767.431290357119906;;
2025-10-01;2558.279878945820201;;
2025-11-01;3178.668739954851389;;
2025-12-01;3115.980628609660471;;
2026-01-01;2244.096086150248539;;
2026-02-01;3051.599586667265612;;
2026-03-01;2194.969908878736533;;
2026-04-01;1712.304224278560923;;
2026-05-01;1631.644382487800158;;
2026-06-01;1230.859136157621379;;
2026-07-01;1244.568958449864112;;
2026-08-01;1212.931132561058575;;